{
  "project_info": {
    "project_number": "61972560174",
    "project_id": "xinyuanfruit",
    "storage_bucket": "xinyuanfruit.firebasestorage.app"
  },
  "client": [
    {
      "client_info": {
        "mobilesdk_app_id": "1:61972560174:android:c85969ae18a1fe34fc62bf",
        "android_client_info": {
          "package_name": "tw.com.xinyuanfruit"
        }
      },
      "oauth_client": [],
      "api_key": [
        {
          "current_key": "AIzaSyDMI8o3y372_gjeW_RiYCEQ74aW-CI-F1Y"
        }
      ],
      "services": {
        "appinvite_service": {
          "other_platform_oauth_client": []
        }
      }
    }
  ],
  "configuration_version": "1"
}