{
  "project_info": {
    "project_number": "3969325372",
    "project_id": "yukachat-7aba1",
    "storage_bucket": "yukachat-7aba1.firebasestorage.app"
  },
  "client": [
    {
      "client_info": {
        "mobilesdk_app_id": "1:3969325372:android:afa707de76778b16192639",
        "android_client_info": {
          "package_name": "tw.ibiz.yukachat"
        }
      },
      "oauth_client": [],
      "api_key": [
        {
          "current_key": "AIzaSyDX0lYBICtb7GJ_fT-lNWI0F2fbG-Llw1I"
        }
      ],
      "services": {
        "appinvite_service": {
          "other_platform_oauth_client": []
        }
      }
    }
  ],
  "configuration_version": "1"
}