{
  "data": [
    {
      "late_message": "ok2",
      "target_figure": "https://ims.yukaai.com/archive/user/thumbnail/bGluZS1sb2dvLXcuOTMyOTE0OTcx.jpg",
      "target_gender": "m",
      "target_name": "sugoi",
      "target_xid": "98F1o2L7qyif8r240621000529",
      "time_late": "2024-10-31 00:54:27",
      "unread": 0
    },
    {
      "late_message": "請問現在方便嗎",
      "target_figure": "https://ims.yukaai.com/archive/user/thumbnail/QV9wcm9mZXNzaW9uYWxfaGVhZHNob3Rfb2ZfYV9tYW5fbmFtZWRfV2VpLVJlbl9DaGUuMDE2ODQxMDc3.jpg",
      "target_gender": "m",
      "target_name": "鄒偉仁",
      "target_xid": "EyL5RGOU6QaQE5240715093239",
      "time_late": null,
      "unread": 0
    }
  ],
  "icon": "fa fa-info-circle",
  "message": "",
  "status": "succ",
  "title": ""
}