{
  "status": "succ",
  "title": "",
  "icon": "fa fa-info-circle",
  "message": "",
  "data": {
    "target": {
      "name": "sugoi",
      "figure": "https://ims.yukaai.com/archive/user/thumbnail/bGluZS1sb2dvLXcuOTMyOTE0OTcx.jpg"
    },
    "message": [
      {
        "id": "1",
        "type": "s",
        "message": "123",
        "message_translate": null,
        "image_list": null,
        "time_add": "2024-10-11 00:20"
      },
      {
        "id": "4",
        "type": "r",
        "message": "ok",
        "message_translate": "好的，將會為您處理。",
        "image_list": null,
        "time_add": "2024-10-11 00:21"
      }
    ]
  }
}